/*
Navicat MySQL Data Transfer

Source Server         : vm
Source Server Version : 50717
Source Host           : 10.1.5.34:3306
Source Database       : sell

Target Server Type    : MYSQL
Target Server Version : 50717
File Encoding         : 65001

Date: 2018-01-23 13:04:59
*/

SET FOREIGN_KEY_CHECKS=0;

-- ----------------------------
-- Table structure for order_detail
-- ----------------------------
DROP TABLE IF EXISTS `order_detail`;
CREATE TABLE `order_detail` (
  `detail_id` varchar(32) NOT NULL,
  `order_id` varchar(32) NOT NULL,
  `product_id` varchar(32) NOT NULL,
  `product_name` varchar(64) NOT NULL COMMENT '商品名称',
  `product_price` decimal(8,2) NOT NULL COMMENT '当前价格,单位分',
  `product_quantity` int(11) NOT NULL COMMENT '数量',
  `product_icon` varchar(512) DEFAULT NULL COMMENT '小图',
  `create_time` timestamp NOT NULL DEFAULT CURRENT_TIMESTAMP COMMENT '创建时间',
  `update_time` timestamp NOT NULL DEFAULT CURRENT_TIMESTAMP ON UPDATE CURRENT_TIMESTAMP COMMENT '修改时间',
  PRIMARY KEY (`detail_id`),
  KEY `idx_order_id` (`order_id`)
) ENGINE=InnoDB DEFAULT CHARSET=utf8mb4;

-- ----------------------------
-- Records of order_detail
-- ----------------------------
INSERT INTO `order_detail` VALUES ('121212', '123456', '123456', '机械键盘', '50.50', '110', 'aaa.jpg', '2018-01-10 06:51:58', '2018-01-10 06:51:58');
INSERT INTO `order_detail` VALUES ('1212126', '1234566', '1234566', '三文鱼', '88.50', '110', 'aaa.jpg', '2018-01-10 06:52:52', '2018-01-10 06:52:52');
INSERT INTO `order_detail` VALUES ('1515573048141793219', '1515573048095575584', '1111111222', '科比二代', '200.50', '1', 'http://xxxx.jpg', '2018-01-09 07:32:16', '2018-01-09 09:04:56');
INSERT INTO `order_detail` VALUES ('1515573386695527715', '1515573386650433883', '123456', '乔丹5代', '500.00', '5', 'http://xxxx.jpg', '2018-01-09 07:53:17', '2018-01-09 09:04:59');
INSERT INTO `order_detail` VALUES ('1515573761536868595', '1515573761488868285', '1111111222', '科比二代', '200.50', '1', 'http://xxxx.jpg', '2018-01-09 07:32:16', '2018-01-09 09:04:56');
INSERT INTO `order_detail` VALUES ('1515573761553314443', '1515573761488868285', '123456', '乔丹5代', '500.00', '1', 'http://xxxx.jpg', '2018-01-09 07:53:17', '2018-01-09 09:04:59');
INSERT INTO `order_detail` VALUES ('1515650669317486286', '1515650669275939395', '123456', '乔丹5代', '500.00', '2', 'http://xxxx.jpg', '2018-01-09 07:53:17', '2018-01-09 09:04:59');
INSERT INTO `order_detail` VALUES ('1515650748337939719', '1515650748305436723', '123456', '乔丹5代', '500.00', '2', 'http://xxxx.jpg', '2018-01-09 07:53:17', '2018-01-09 09:04:59');
INSERT INTO `order_detail` VALUES ('1515652118854541360', '1515652118821662640', '123456', '乔丹5代', '500.00', '2', 'http://xxxx.jpg', '2018-01-09 07:53:17', '2018-01-09 09:04:59');
INSERT INTO `order_detail` VALUES ('1515659780301998859', '1515659780298636311', '1111111222', '科比二代', '200.50', '2', 'http://xxxx.jpg', '2018-01-09 07:32:16', '2018-01-09 09:04:56');
INSERT INTO `order_detail` VALUES ('1515994460989681434', '1515994460931862317', '1111111222', '科比二代', '200.50', '2', 'http://xxxx.jpg', '2018-01-09 07:32:16', '2018-01-15 07:05:49');
INSERT INTO `order_detail` VALUES ('1515994461006298431', '1515994460931862317', '123456', '乔丹5代', '500.00', '3', 'http://xxxx.jpg', '2018-01-09 07:53:17', '2018-01-15 07:05:52');
INSERT INTO `order_detail` VALUES ('1515994461043694039', '1515994461041936344', '1111111222', '科比二代', '200.50', '1', 'http://xxxx.jpg', '2018-01-09 07:32:16', '2018-01-09 09:04:56');
INSERT INTO `order_detail` VALUES ('1515994461046923257', '1515994461041936344', '123456', '乔丹5代', '500.00', '1', 'http://xxxx.jpg', '2018-01-09 07:53:17', '2018-01-09 09:04:59');
INSERT INTO `order_detail` VALUES ('1515994461062589039', '1515994461060801679', '1111111222', '科比二代', '200.50', '1', 'http://xxxx.jpg', '2018-01-09 07:32:16', '2018-01-09 09:04:56');
INSERT INTO `order_detail` VALUES ('1515994461065679606', '1515994461060801679', '123456', '乔丹5代', '500.00', '1', 'http://xxxx.jpg', '2018-01-09 07:53:17', '2018-01-09 09:04:59');
INSERT INTO `order_detail` VALUES ('1515994461087270899', '1515994461083765562', '1111111222', '科比二代', '200.50', '1', 'http://xxxx.jpg', '2018-01-09 07:32:16', '2018-01-09 09:04:56');
INSERT INTO `order_detail` VALUES ('1515994461091770671', '1515994461083765562', '123456', '乔丹5代', '500.00', '1', 'http://xxxx.jpg', '2018-01-09 07:53:17', '2018-01-09 09:04:59');
INSERT INTO `order_detail` VALUES ('1515994461106961245', '1515994461104258956', '1111111222', '科比二代', '200.50', '1', 'http://xxxx.jpg', '2018-01-09 07:32:16', '2018-01-09 09:04:56');
INSERT INTO `order_detail` VALUES ('1515994461109211906', '1515994461104258956', '123456', '乔丹5代', '500.00', '1', 'http://xxxx.jpg', '2018-01-09 07:53:17', '2018-01-09 09:04:59');
INSERT INTO `order_detail` VALUES ('1515994461121313462', '1515994461119683856', '1111111222', '科比二代', '200.50', '1', 'http://xxxx.jpg', '2018-01-09 07:32:16', '2018-01-09 09:04:56');
INSERT INTO `order_detail` VALUES ('1515994461123569684', '1515994461119683856', '123456', '乔丹5代', '500.00', '1', 'http://xxxx.jpg', '2018-01-09 07:53:17', '2018-01-09 09:04:59');
INSERT INTO `order_detail` VALUES ('1515994461136120343', '1515994461134727499', '1111111222', '科比二代', '200.50', '1', 'http://xxxx.jpg', '2018-01-09 07:32:16', '2018-01-09 09:04:56');
INSERT INTO `order_detail` VALUES ('1515994461138597473', '1515994461134727499', '123456', '乔丹5代', '500.00', '1', 'http://xxxx.jpg', '2018-01-09 07:53:17', '2018-01-09 09:04:59');
INSERT INTO `order_detail` VALUES ('1515994461151324061', '1515994461148928324', '1111111222', '科比二代', '200.50', '1', 'http://xxxx.jpg', '2018-01-09 07:32:16', '2018-01-09 09:04:56');
INSERT INTO `order_detail` VALUES ('1515994461157913251', '1515994461148928324', '123456', '乔丹5代', '500.00', '1', 'http://xxxx.jpg', '2018-01-09 07:53:17', '2018-01-09 09:04:59');
INSERT INTO `order_detail` VALUES ('1515994461191722233', '1515994461189375651', '1111111222', '科比二代', '200.50', '1', 'http://xxxx.jpg', '2018-01-09 07:32:16', '2018-01-09 09:04:56');
INSERT INTO `order_detail` VALUES ('1515994461194787929', '1515994461189375651', '123456', '乔丹5代', '500.00', '1', 'http://xxxx.jpg', '2018-01-09 07:53:17', '2018-01-09 09:04:59');
INSERT INTO `order_detail` VALUES ('1515994461214457199', '1515994461212725818', '1111111222', '科比二代', '200.50', '1', 'http://xxxx.jpg', '2018-01-09 07:32:16', '2018-01-09 09:04:56');
INSERT INTO `order_detail` VALUES ('1515994461217396353', '1515994461212725818', '123456', '乔丹5代', '500.00', '1', 'http://xxxx.jpg', '2018-01-09 07:53:17', '2018-01-09 09:04:59');
INSERT INTO `order_detail` VALUES ('1515994461233616975', '1515994461232202975', '1111111222', '科比二代', '200.50', '1', 'http://xxxx.jpg', '2018-01-09 07:32:16', '2018-01-09 09:04:56');
INSERT INTO `order_detail` VALUES ('1515994461238183907', '1515994461232202975', '123456', '乔丹5代', '500.00', '1', 'http://xxxx.jpg', '2018-01-09 07:53:17', '2018-01-09 09:04:59');
INSERT INTO `order_detail` VALUES ('1515994461254509103', '1515994461253613686', '1111111222', '科比二代', '200.50', '1', 'http://xxxx.jpg', '2018-01-09 07:32:16', '2018-01-09 09:04:56');
INSERT INTO `order_detail` VALUES ('1515994461256504217', '1515994461253613686', '123456', '乔丹5代', '500.00', '1', 'http://xxxx.jpg', '2018-01-09 07:53:17', '2018-01-09 09:04:59');
INSERT INTO `order_detail` VALUES ('1515994461274183287', '1515994461273354282', '1111111222', '科比二代', '200.50', '1', 'http://xxxx.jpg', '2018-01-09 07:32:16', '2018-01-09 09:04:56');
INSERT INTO `order_detail` VALUES ('1515994461277554417', '1515994461273354282', '123456', '乔丹5代', '500.00', '1', 'http://xxxx.jpg', '2018-01-09 07:53:17', '2018-01-09 09:04:59');
INSERT INTO `order_detail` VALUES ('1515994461291660692', '1515994461290398972', '1111111222', '科比二代', '200.50', '1', 'http://xxxx.jpg', '2018-01-09 07:32:16', '2018-01-09 09:04:56');
INSERT INTO `order_detail` VALUES ('1515994461293724300', '1515994461290398972', '123456', '乔丹5代', '500.00', '1', 'http://xxxx.jpg', '2018-01-09 07:53:17', '2018-01-09 09:04:59');
INSERT INTO `order_detail` VALUES ('1515994461310102240', '1515994461308853792', '1111111222', '科比二代', '200.50', '1', 'http://xxxx.jpg', '2018-01-09 07:32:16', '2018-01-09 09:04:56');
INSERT INTO `order_detail` VALUES ('1515994461312875369', '1515994461308853792', '123456', '乔丹5代', '500.00', '1', 'http://xxxx.jpg', '2018-01-09 07:53:17', '2018-01-09 09:04:59');
INSERT INTO `order_detail` VALUES ('1515994461322400738', '1515994461321580116', '1111111222', '科比二代', '200.50', '1', 'http://xxxx.jpg', '2018-01-09 07:32:16', '2018-01-09 09:04:56');
INSERT INTO `order_detail` VALUES ('1515994461325818712', '1515994461321580116', '123456', '乔丹5代', '500.00', '1', 'http://xxxx.jpg', '2018-01-09 07:53:17', '2018-01-09 09:04:59');
INSERT INTO `order_detail` VALUES ('1515994461341616390', '1515994461340809658', '1111111222', '科比二代', '200.50', '1', 'http://xxxx.jpg', '2018-01-09 07:32:16', '2018-01-09 09:04:56');
INSERT INTO `order_detail` VALUES ('1515994461343826267', '1515994461340809658', '123456', '乔丹5代', '500.00', '1', 'http://xxxx.jpg', '2018-01-09 07:53:17', '2018-01-09 09:04:59');
INSERT INTO `order_detail` VALUES ('1515994461361704024', '1515994461359212083', '1111111222', '科比二代', '200.50', '1', 'http://xxxx.jpg', '2018-01-09 07:32:16', '2018-01-09 09:04:56');
INSERT INTO `order_detail` VALUES ('1515994461364850987', '1515994461359212083', '123456', '乔丹5代', '500.00', '1', 'http://xxxx.jpg', '2018-01-09 07:53:17', '2018-01-09 09:04:59');
INSERT INTO `order_detail` VALUES ('1515994461390979561', '1515994461388264608', '1111111222', '科比二代', '200.50', '1', 'http://xxxx.jpg', '2018-01-09 07:32:16', '2018-01-09 09:04:56');
INSERT INTO `order_detail` VALUES ('1515994461394714360', '1515994461388264608', '123456', '乔丹5代', '500.00', '1', 'http://xxxx.jpg', '2018-01-09 07:53:17', '2018-01-09 09:04:59');
INSERT INTO `order_detail` VALUES ('1515994461408967128', '1515994461406261157', '1111111222', '科比二代', '200.50', '1', 'http://xxxx.jpg', '2018-01-09 07:32:16', '2018-01-09 09:04:56');
INSERT INTO `order_detail` VALUES ('1515994461411880853', '1515994461406261157', '123456', '乔丹5代', '500.00', '1', 'http://xxxx.jpg', '2018-01-09 07:53:17', '2018-01-09 09:04:59');
INSERT INTO `order_detail` VALUES ('1515994461420554419', '1515994461419408962', '1111111222', '科比二代', '200.50', '1', 'http://xxxx.jpg', '2018-01-09 07:32:16', '2018-01-09 09:04:56');
INSERT INTO `order_detail` VALUES ('1515994461422905459', '1515994461419408962', '123456', '乔丹5代', '500.00', '1', 'http://xxxx.jpg', '2018-01-09 07:53:17', '2018-01-09 09:04:59');
INSERT INTO `order_detail` VALUES ('1515994461431480326', '1515994461430313355', '1111111222', '科比二代', '200.50', '1', 'http://xxxx.jpg', '2018-01-09 07:32:16', '2018-01-09 09:04:56');
INSERT INTO `order_detail` VALUES ('1515994461433430428', '1515994461430313355', '123456', '乔丹5代', '500.00', '1', 'http://xxxx.jpg', '2018-01-09 07:53:17', '2018-01-09 09:04:59');
INSERT INTO `order_detail` VALUES ('1515994461444587042', '1515994461443849387', '1111111222', '科比二代', '200.50', '1', 'http://xxxx.jpg', '2018-01-09 07:32:16', '2018-01-09 09:04:56');
INSERT INTO `order_detail` VALUES ('1515994461447484387', '1515994461443849387', '123456', '乔丹5代', '500.00', '1', 'http://xxxx.jpg', '2018-01-09 07:53:17', '2018-01-09 09:04:59');
INSERT INTO `order_detail` VALUES ('1515994461458286484', '1515994461457756825', '1111111222', '科比二代', '200.50', '1', 'http://xxxx.jpg', '2018-01-09 07:32:16', '2018-01-09 09:04:56');
INSERT INTO `order_detail` VALUES ('1515994461462231806', '1515994461457756825', '123456', '乔丹5代', '500.00', '1', 'http://xxxx.jpg', '2018-01-09 07:53:17', '2018-01-09 09:04:59');
INSERT INTO `order_detail` VALUES ('1515994461478153174', '1515994461476915095', '1111111222', '科比二代', '200.50', '1', 'http://xxxx.jpg', '2018-01-09 07:32:16', '2018-01-09 09:04:56');
INSERT INTO `order_detail` VALUES ('1515994461481631963', '1515994461476915095', '123456', '乔丹5代', '500.00', '1', 'http://xxxx.jpg', '2018-01-09 07:53:17', '2018-01-09 09:04:59');
INSERT INTO `order_detail` VALUES ('1515994461499486963', '1515994461497601845', '1111111222', '科比二代', '200.50', '1', 'http://xxxx.jpg', '2018-01-09 07:32:16', '2018-01-09 09:04:56');
INSERT INTO `order_detail` VALUES ('1515994461503397900', '1515994461497601845', '123456', '乔丹5代', '500.00', '1', 'http://xxxx.jpg', '2018-01-09 07:53:17', '2018-01-09 09:04:59');
INSERT INTO `order_detail` VALUES ('1515994461519797287', '1515994461517301008', '1111111222', '科比二代', '200.50', '1', 'http://xxxx.jpg', '2018-01-09 07:32:16', '2018-01-09 09:04:56');
INSERT INTO `order_detail` VALUES ('1515994461521154491', '1515994461517301008', '123456', '乔丹5代', '500.00', '1', 'http://xxxx.jpg', '2018-01-09 07:53:17', '2018-01-09 09:04:59');
INSERT INTO `order_detail` VALUES ('1515994461534571531', '1515994461532639784', '1111111222', '科比二代', '200.50', '1', 'http://xxxx.jpg', '2018-01-09 07:32:16', '2018-01-09 09:04:56');
INSERT INTO `order_detail` VALUES ('1515994461538144135', '1515994461532639784', '123456', '乔丹5代', '500.00', '1', 'http://xxxx.jpg', '2018-01-09 07:53:17', '2018-01-09 09:04:59');
INSERT INTO `order_detail` VALUES ('1515994461555184694', '1515994461553187181', '1111111222', '科比二代', '200.50', '1', 'http://xxxx.jpg', '2018-01-09 07:32:16', '2018-01-09 09:04:56');
INSERT INTO `order_detail` VALUES ('1515994461558360866', '1515994461553187181', '123456', '乔丹5代', '500.00', '1', 'http://xxxx.jpg', '2018-01-09 07:53:17', '2018-01-09 09:04:59');
INSERT INTO `order_detail` VALUES ('1515994461572112408', '1515994461571907844', '1111111222', '科比二代', '200.50', '1', 'http://xxxx.jpg', '2018-01-09 07:32:16', '2018-01-09 09:04:56');
INSERT INTO `order_detail` VALUES ('1515994461575512564', '1515994461571907844', '123456', '乔丹5代', '500.00', '1', 'http://xxxx.jpg', '2018-01-09 07:53:17', '2018-01-09 09:04:59');
INSERT INTO `order_detail` VALUES ('1515994461589267570', '1515994461587576269', '1111111222', '科比二代', '200.50', '1', 'http://xxxx.jpg', '2018-01-09 07:32:16', '2018-01-09 09:04:56');
INSERT INTO `order_detail` VALUES ('1515994461593726237', '1515994461587576269', '123456', '乔丹5代', '500.00', '1', 'http://xxxx.jpg', '2018-01-09 07:53:17', '2018-01-09 09:04:59');
INSERT INTO `order_detail` VALUES ('1515994461623549766', '1515994461620405259', '1111111222', '科比二代', '200.50', '1', 'http://xxxx.jpg', '2018-01-09 07:32:16', '2018-01-09 09:04:56');
INSERT INTO `order_detail` VALUES ('1515994461626660527', '1515994461620405259', '123456', '乔丹5代', '500.00', '1', 'http://xxxx.jpg', '2018-01-09 07:53:17', '2018-01-09 09:04:59');
INSERT INTO `order_detail` VALUES ('1515994461640460131', '1515994461639722886', '1111111222', '科比二代', '200.50', '1', 'http://xxxx.jpg', '2018-01-09 07:32:16', '2018-01-09 09:04:56');
INSERT INTO `order_detail` VALUES ('1515994461642499490', '1515994461639722886', '123456', '乔丹5代', '500.00', '1', 'http://xxxx.jpg', '2018-01-09 07:53:17', '2018-01-09 09:04:59');
INSERT INTO `order_detail` VALUES ('1515994461651244917', '1515994461649391712', '1111111222', '科比二代', '200.50', '1', 'http://xxxx.jpg', '2018-01-09 07:32:16', '2018-01-09 09:04:56');
INSERT INTO `order_detail` VALUES ('1515994461653831628', '1515994461649391712', '123456', '乔丹5代', '500.00', '1', 'http://xxxx.jpg', '2018-01-09 07:53:17', '2018-01-09 09:04:59');
INSERT INTO `order_detail` VALUES ('1515994461663991726', '1515994461662479491', '1111111222', '科比二代', '200.50', '1', 'http://xxxx.jpg', '2018-01-09 07:32:16', '2018-01-09 09:04:56');
INSERT INTO `order_detail` VALUES ('1515994461666145211', '1515994461662479491', '123456', '乔丹5代', '500.00', '1', 'http://xxxx.jpg', '2018-01-09 07:53:17', '2018-01-09 09:04:59');
INSERT INTO `order_detail` VALUES ('1515994461683291272', '1515994461681286850', '1111111222', '科比二代', '200.50', '1', 'http://xxxx.jpg', '2018-01-09 07:32:16', '2018-01-09 09:04:56');
INSERT INTO `order_detail` VALUES ('1515994461688816504', '1515994461681286850', '123456', '乔丹5代', '500.00', '1', 'http://xxxx.jpg', '2018-01-09 07:53:17', '2018-01-09 09:04:59');
INSERT INTO `order_detail` VALUES ('1515994461706563338', '1515994461704174484', '1111111222', '科比二代', '200.50', '1', 'http://xxxx.jpg', '2018-01-09 07:32:16', '2018-01-09 09:04:56');
INSERT INTO `order_detail` VALUES ('1515994461708685014', '1515994461704174484', '123456', '乔丹5代', '500.00', '1', 'http://xxxx.jpg', '2018-01-09 07:53:17', '2018-01-09 09:04:59');
INSERT INTO `order_detail` VALUES ('1515994461722381715', '1515994461720801928', '1111111222', '科比二代', '200.50', '1', 'http://xxxx.jpg', '2018-01-09 07:32:16', '2018-01-09 09:04:56');
INSERT INTO `order_detail` VALUES ('1515994461726748910', '1515994461720801928', '123456', '乔丹5代', '500.00', '1', 'http://xxxx.jpg', '2018-01-09 07:53:17', '2018-01-09 09:04:59');
INSERT INTO `order_detail` VALUES ('1515994461738145402', '1515994461736532781', '1111111222', '科比二代', '200.50', '1', 'http://xxxx.jpg', '2018-01-09 07:32:16', '2018-01-09 09:04:56');
INSERT INTO `order_detail` VALUES ('1515994461741554555', '1515994461736532781', '123456', '乔丹5代', '500.00', '1', 'http://xxxx.jpg', '2018-01-09 07:53:17', '2018-01-09 09:04:59');
INSERT INTO `order_detail` VALUES ('1515994461758564249', '1515994461756927773', '1111111222', '科比二代', '200.50', '1', 'http://xxxx.jpg', '2018-01-09 07:32:16', '2018-01-09 09:04:56');
INSERT INTO `order_detail` VALUES ('1515994461760977327', '1515994461756927773', '123456', '乔丹5代', '500.00', '1', 'http://xxxx.jpg', '2018-01-09 07:53:17', '2018-01-09 09:04:59');
INSERT INTO `order_detail` VALUES ('1515994461770562864', '1515994461769715786', '1111111222', '科比二代', '200.50', '1', 'http://xxxx.jpg', '2018-01-09 07:32:16', '2018-01-09 09:04:56');
INSERT INTO `order_detail` VALUES ('1515994461772210267', '1515994461769715786', '123456', '乔丹5代', '500.00', '1', 'http://xxxx.jpg', '2018-01-09 07:53:17', '2018-01-09 09:04:59');
INSERT INTO `order_detail` VALUES ('1515994461781532212', '1515994461780822178', '1111111222', '科比二代', '200.50', '1', 'http://xxxx.jpg', '2018-01-09 07:32:16', '2018-01-09 09:04:56');
INSERT INTO `order_detail` VALUES ('1515994461783294691', '1515994461780822178', '123456', '乔丹5代', '500.00', '1', 'http://xxxx.jpg', '2018-01-09 07:53:17', '2018-01-09 09:04:59');
INSERT INTO `order_detail` VALUES ('1515994461798804702', '1515994461797642643', '1111111222', '科比二代', '200.50', '1', 'http://xxxx.jpg', '2018-01-09 07:32:16', '2018-01-09 09:04:56');
INSERT INTO `order_detail` VALUES ('1515994461801931321', '1515994461797642643', '123456', '乔丹5代', '500.00', '1', 'http://xxxx.jpg', '2018-01-09 07:53:17', '2018-01-09 09:04:59');
INSERT INTO `order_detail` VALUES ('1515994461815160058', '1515994461814352052', '1111111222', '科比二代', '200.50', '1', 'http://xxxx.jpg', '2018-01-09 07:32:16', '2018-01-09 09:04:56');
INSERT INTO `order_detail` VALUES ('1515994461819712913', '1515994461814352052', '123456', '乔丹5代', '500.00', '1', 'http://xxxx.jpg', '2018-01-09 07:53:17', '2018-01-09 09:04:59');
INSERT INTO `order_detail` VALUES ('1515994461840149585', '1515994461839908490', '1111111222', '科比二代', '200.50', '1', 'http://xxxx.jpg', '2018-01-09 07:32:16', '2018-01-09 09:04:56');
INSERT INTO `order_detail` VALUES ('1515994461842401653', '1515994461839908490', '123456', '乔丹5代', '500.00', '1', 'http://xxxx.jpg', '2018-01-09 07:53:17', '2018-01-09 09:04:59');
INSERT INTO `order_detail` VALUES ('1515994461851331696', '1515994461850338744', '1111111222', '科比二代', '200.50', '1', 'http://xxxx.jpg', '2018-01-09 07:32:16', '2018-01-09 09:04:56');
INSERT INTO `order_detail` VALUES ('1515994461853827597', '1515994461850338744', '123456', '乔丹5代', '500.00', '1', 'http://xxxx.jpg', '2018-01-09 07:53:17', '2018-01-09 09:04:59');
INSERT INTO `order_detail` VALUES ('1515994461864678883', '1515994461863827983', '1111111222', '科比二代', '200.50', '1', 'http://xxxx.jpg', '2018-01-09 07:32:16', '2018-01-09 09:04:56');
INSERT INTO `order_detail` VALUES ('1515994461865689768', '1515994461863827983', '123456', '乔丹5代', '500.00', '1', 'http://xxxx.jpg', '2018-01-09 07:53:17', '2018-01-09 09:04:59');
INSERT INTO `order_detail` VALUES ('1515994461877758041', '1515994461876266234', '1111111222', '科比二代', '200.50', '1', 'http://xxxx.jpg', '2018-01-09 07:32:16', '2018-01-09 09:04:56');
INSERT INTO `order_detail` VALUES ('1515994461882719577', '1515994461876266234', '123456', '乔丹5代', '500.00', '1', 'http://xxxx.jpg', '2018-01-09 07:53:17', '2018-01-09 09:04:59');
INSERT INTO `order_detail` VALUES ('1515994461896585416', '1515994461895799956', '1111111222', '科比二代', '200.50', '1', 'http://xxxx.jpg', '2018-01-09 07:32:16', '2018-01-09 09:04:56');
INSERT INTO `order_detail` VALUES ('1515994461898305298', '1515994461895799956', '123456', '乔丹5代', '500.00', '1', 'http://xxxx.jpg', '2018-01-09 07:53:17', '2018-01-09 09:04:59');
INSERT INTO `order_detail` VALUES ('1515994461906409109', '1515994461904149206', '1111111222', '科比二代', '200.50', '1', 'http://xxxx.jpg', '2018-01-09 07:32:16', '2018-01-09 09:04:56');
INSERT INTO `order_detail` VALUES ('1515994461907156250', '1515994461904149206', '123456', '乔丹5代', '500.00', '1', 'http://xxxx.jpg', '2018-01-09 07:53:17', '2018-01-09 09:04:59');
INSERT INTO `order_detail` VALUES ('1516328827881748677', '1516328827798657134', '1516084314695990163', 'SuperMan', '0.01', '1', '//img11.360buyimg.com/n7/jfs/t6076/52/3262464097/152024/fc3ddfe2/594f5958N45786900.jpg', '2018-01-16 14:30:05', '2018-01-18 08:46:14');
INSERT INTO `order_detail` VALUES ('1516440603684454554', '1516440603667909371', '1516084314695990163', 'SuperMan', '0.01', '1', '//img11.360buyimg.com/n7/jfs/t6076/52/3262464097/152024/fc3ddfe2/594f5958N45786900.jpg', '2018-01-16 14:30:05', '2018-01-18 08:46:14');

-- ----------------------------
-- Table structure for order_master
-- ----------------------------
DROP TABLE IF EXISTS `order_master`;
CREATE TABLE `order_master` (
  `order_id` varchar(32) NOT NULL,
  `buyer_name` varchar(32) NOT NULL COMMENT '买家名字',
  `buyer_phone` varchar(32) NOT NULL COMMENT '买家电话',
  `buyer_address` varchar(128) NOT NULL COMMENT '买家地址',
  `buyer_openid` varchar(64) NOT NULL COMMENT '买家微信openid',
  `order_amount` decimal(8,2) NOT NULL COMMENT '订单总金额',
  `order_status` tinyint(3) NOT NULL DEFAULT '0' COMMENT '订单状态, 默认为新下单',
  `pay_status` tinyint(3) NOT NULL DEFAULT '0' COMMENT '支付状态, 默认未支付',
  `create_time` timestamp NOT NULL DEFAULT CURRENT_TIMESTAMP COMMENT '创建时间',
  `update_time` timestamp NOT NULL DEFAULT CURRENT_TIMESTAMP ON UPDATE CURRENT_TIMESTAMP COMMENT '修改时间',
  PRIMARY KEY (`order_id`),
  KEY `idx_buyer_openid` (`buyer_openid`)
) ENGINE=InnoDB DEFAULT CHARSET=utf8mb4;

-- ----------------------------
-- Records of order_master
-- ----------------------------
INSERT INTO `order_master` VALUES ('123456', '科比', '18888888888', '美国洛杉矶', 'abc123', '100.50', '2', '0', '2018-01-10 06:36:17', '2018-01-15 06:39:25');
INSERT INTO `order_master` VALUES ('1515573048095575584', '乔丹', '18888888888', '塘下朝阳路', 'abc123', '200.50', '2', '0', '2018-01-10 08:30:47', '2018-01-15 07:13:32');
INSERT INTO `order_master` VALUES ('1515573386650433883', '乔丹', '18888888888', '塘下朝阳路', 'abc123', '2500.00', '1', '0', '2018-01-10 08:36:26', '2018-01-15 07:18:10');
INSERT INTO `order_master` VALUES ('1515573761488868285', '乔丹', '18888888888', '塘下朝阳路', 'abc123', '700.50', '0', '0', '2018-01-10 08:42:40', '2018-01-11 03:27:07');
INSERT INTO `order_master` VALUES ('1515650669275939395', 'mask', 'mask', 'mask', 'ooo123', '1000.00', '0', '0', '2018-01-11 06:04:27', '2018-01-11 06:04:27');
INSERT INTO `order_master` VALUES ('1515650748305436723', 'mask', 'mask', 'mask', 'ooo123', '1000.00', '0', '0', '2018-01-11 06:05:46', '2018-01-11 06:05:46');
INSERT INTO `order_master` VALUES ('1515652118821662640', 'mask', 'mask', 'mask', 'ooo123', '1000.00', '0', '0', '2018-01-11 06:28:37', '2018-01-11 06:28:37');
INSERT INTO `order_master` VALUES ('1515659780298636311', 'jack', 'jack', 'jack', 'abc123', '401.00', '0', '0', '2018-01-11 08:36:18', '2018-01-11 08:36:18');
INSERT INTO `order_master` VALUES ('1515994460931862317', '阿里', '18888888888', 'Jap', 'ccc0', '700.50', '2', '0', '2018-01-15 05:34:19', '2018-01-15 06:32:37');
INSERT INTO `order_master` VALUES ('1515994461041936344', '蒙多利亚', '18888888888', 'Jap', 'ccc1', '700.50', '0', '0', '2018-01-15 05:34:19', '2018-01-15 05:34:19');
INSERT INTO `order_master` VALUES ('1515994461060801679', '菲儿', '18888888888', 'Jap', 'ccc2', '700.50', '0', '0', '2018-01-15 05:34:19', '2018-01-15 05:34:19');
INSERT INTO `order_master` VALUES ('1515994461083765562', '多里', '18888888888', 'Jap', 'ccc3', '700.50', '0', '0', '2018-01-15 05:34:19', '2018-01-15 05:34:19');
INSERT INTO `order_master` VALUES ('1515994461104258956', '多里', '18888888888', 'Jap', 'ccc4', '700.50', '0', '0', '2018-01-15 05:34:19', '2018-01-15 05:34:19');
INSERT INTO `order_master` VALUES ('1515994461119683856', '多里', '18888888888', 'Jap', 'ccc5', '700.50', '0', '0', '2018-01-15 05:34:19', '2018-01-15 05:34:19');
INSERT INTO `order_master` VALUES ('1515994461134727499', '菲儿', '18888888888', 'Jap', 'ccc6', '700.50', '0', '0', '2018-01-15 05:34:19', '2018-01-15 05:34:19');
INSERT INTO `order_master` VALUES ('1515994461148928324', '小龙', '18888888888', 'Jap', 'ccc7', '700.50', '0', '0', '2018-01-15 05:34:20', '2018-01-15 05:34:20');
INSERT INTO `order_master` VALUES ('1515994461189375651', '摩尔', '18888888888', 'Jap', 'ccc8', '700.50', '0', '0', '2018-01-15 05:34:20', '2018-01-15 05:34:20');
INSERT INTO `order_master` VALUES ('1515994461212725818', '多里', '18888888888', 'Jap', 'ccc9', '700.50', '0', '0', '2018-01-15 05:34:20', '2018-01-15 05:34:20');
INSERT INTO `order_master` VALUES ('1515994461232202975', '阿里', '18888888888', 'Jap', 'ccc10', '700.50', '0', '0', '2018-01-15 05:34:20', '2018-01-15 05:34:20');
INSERT INTO `order_master` VALUES ('1515994461253613686', '蒙多利亚', '18888888888', 'Jap', 'ccc11', '700.50', '0', '0', '2018-01-15 05:34:20', '2018-01-15 05:34:20');
INSERT INTO `order_master` VALUES ('1515994461273354282', '阿里', '18888888888', 'Jap', 'ccc12', '700.50', '0', '0', '2018-01-15 05:34:20', '2018-01-15 05:34:20');
INSERT INTO `order_master` VALUES ('1515994461290398972', '菲儿', '18888888888', 'Jap', 'ccc13', '700.50', '0', '0', '2018-01-15 05:34:20', '2018-01-15 05:34:20');
INSERT INTO `order_master` VALUES ('1515994461308853792', '摩尔', '18888888888', 'Jap', 'ccc14', '700.50', '0', '0', '2018-01-15 05:34:20', '2018-01-15 05:34:20');
INSERT INTO `order_master` VALUES ('1515994461321580116', '蒙多利亚', '18888888888', 'Jap', 'ccc15', '700.50', '0', '0', '2018-01-15 05:34:20', '2018-01-15 05:34:20');
INSERT INTO `order_master` VALUES ('1515994461340809658', '阿里', '18888888888', 'Jap', 'ccc16', '700.50', '0', '0', '2018-01-15 05:34:20', '2018-01-15 05:34:20');
INSERT INTO `order_master` VALUES ('1515994461359212083', '摩尔', '18888888888', 'Jap', 'ccc17', '700.50', '0', '0', '2018-01-15 05:34:20', '2018-01-15 05:34:20');
INSERT INTO `order_master` VALUES ('1515994461388264608', '阿里', '18888888888', 'Jap', 'ccc18', '700.50', '0', '0', '2018-01-15 05:34:20', '2018-01-15 05:34:20');
INSERT INTO `order_master` VALUES ('1515994461406261157', '小龙', '18888888888', 'Jap', 'ccc19', '700.50', '0', '0', '2018-01-15 05:34:20', '2018-01-15 05:34:20');
INSERT INTO `order_master` VALUES ('1515994461419408962', '阿里', '18888888888', 'Jap', 'ccc20', '700.50', '0', '0', '2018-01-15 05:34:20', '2018-01-15 05:34:20');
INSERT INTO `order_master` VALUES ('1515994461430313355', '摩尔', '18888888888', 'Jap', 'ccc21', '700.50', '0', '0', '2018-01-15 05:34:20', '2018-01-15 05:34:20');
INSERT INTO `order_master` VALUES ('1515994461443849387', '小龙', '18888888888', 'Jap', 'ccc22', '700.50', '0', '0', '2018-01-15 05:34:20', '2018-01-15 05:34:20');
INSERT INTO `order_master` VALUES ('1515994461457756825', '小龙', '18888888888', 'Jap', 'ccc23', '700.50', '0', '0', '2018-01-15 05:34:20', '2018-01-15 05:34:20');
INSERT INTO `order_master` VALUES ('1515994461476915095', '多里', '18888888888', 'Jap', 'ccc24', '700.50', '0', '0', '2018-01-15 05:34:20', '2018-01-15 05:34:20');
INSERT INTO `order_master` VALUES ('1515994461497601845', '菲儿', '18888888888', 'Jap', 'ccc25', '700.50', '0', '0', '2018-01-15 05:34:20', '2018-01-15 05:34:20');
INSERT INTO `order_master` VALUES ('1515994461517301008', '多里', '18888888888', 'Jap', 'ccc26', '700.50', '0', '0', '2018-01-15 05:34:20', '2018-01-15 05:34:20');
INSERT INTO `order_master` VALUES ('1515994461532639784', '摩尔', '18888888888', 'Jap', 'ccc27', '700.50', '0', '0', '2018-01-15 05:34:20', '2018-01-15 05:34:20');
INSERT INTO `order_master` VALUES ('1515994461553187181', '多里', '18888888888', 'Jap', 'ccc28', '700.50', '0', '0', '2018-01-15 05:34:20', '2018-01-15 05:34:20');
INSERT INTO `order_master` VALUES ('1515994461571907844', '蒙多利亚', '18888888888', 'Jap', 'ccc29', '700.50', '0', '0', '2018-01-15 05:34:20', '2018-01-15 05:34:20');
INSERT INTO `order_master` VALUES ('1515994461587576269', '阿里', '18888888888', 'Jap', 'ccc30', '700.50', '0', '0', '2018-01-15 05:34:20', '2018-01-15 05:34:20');
INSERT INTO `order_master` VALUES ('1515994461620405259', '摩尔', '18888888888', 'Jap', 'ccc31', '700.50', '0', '0', '2018-01-15 05:34:20', '2018-01-15 05:34:20');
INSERT INTO `order_master` VALUES ('1515994461639722886', '多里', '18888888888', 'Jap', 'ccc32', '700.50', '0', '0', '2018-01-15 05:34:20', '2018-01-15 05:34:20');
INSERT INTO `order_master` VALUES ('1515994461649391712', '摩尔', '18888888888', 'Jap', 'ccc33', '700.50', '0', '0', '2018-01-15 05:34:20', '2018-01-15 05:34:20');
INSERT INTO `order_master` VALUES ('1515994461662479491', '小龙', '18888888888', 'Jap', 'ccc34', '700.50', '0', '0', '2018-01-15 05:34:20', '2018-01-15 05:34:20');
INSERT INTO `order_master` VALUES ('1515994461681286850', '阿里', '18888888888', 'Jap', 'ccc35', '700.50', '0', '0', '2018-01-15 05:34:20', '2018-01-15 05:34:20');
INSERT INTO `order_master` VALUES ('1515994461704174484', '多里', '18888888888', 'Jap', 'ccc36', '700.50', '0', '0', '2018-01-15 05:34:20', '2018-01-15 05:34:20');
INSERT INTO `order_master` VALUES ('1515994461720801928', '多里', '18888888888', 'Jap', 'ccc37', '700.50', '0', '0', '2018-01-15 05:34:20', '2018-01-15 05:34:20');
INSERT INTO `order_master` VALUES ('1515994461736532781', '小龙', '18888888888', 'Jap', 'ccc38', '700.50', '0', '0', '2018-01-15 05:34:20', '2018-01-15 05:34:20');
INSERT INTO `order_master` VALUES ('1515994461756927773', '多里', '18888888888', 'Jap', 'ccc39', '700.50', '0', '0', '2018-01-15 05:34:20', '2018-01-15 05:34:20');
INSERT INTO `order_master` VALUES ('1515994461769715786', '摩尔', '18888888888', 'Jap', 'ccc40', '700.50', '0', '0', '2018-01-15 05:34:20', '2018-01-15 05:34:20');
INSERT INTO `order_master` VALUES ('1515994461780822178', '蒙多利亚', '18888888888', 'Jap', 'ccc41', '700.50', '0', '0', '2018-01-15 05:34:20', '2018-01-15 05:34:20');
INSERT INTO `order_master` VALUES ('1515994461797642643', '小龙', '18888888888', 'Jap', 'ccc42', '700.50', '0', '0', '2018-01-15 05:34:20', '2018-01-15 05:34:20');
INSERT INTO `order_master` VALUES ('1515994461814352052', '多里', '18888888888', 'Jap', 'ccc43', '700.50', '0', '0', '2018-01-15 05:34:20', '2018-01-15 05:34:20');
INSERT INTO `order_master` VALUES ('1515994461839908490', '菲儿', '18888888888', 'Jap', 'ccc44', '700.50', '0', '0', '2018-01-15 05:34:20', '2018-01-15 05:34:20');
INSERT INTO `order_master` VALUES ('1515994461850338744', '小龙', '18888888888', 'Jap', 'ccc45', '700.50', '0', '0', '2018-01-15 05:34:20', '2018-01-15 05:34:20');
INSERT INTO `order_master` VALUES ('1515994461863827983', '多里', '18888888888', 'Jap', 'ccc46', '700.50', '0', '0', '2018-01-15 05:34:20', '2018-01-15 05:34:20');
INSERT INTO `order_master` VALUES ('1515994461876266234', '多里', '18888888888', 'Jap', 'ccc47', '700.50', '0', '0', '2018-01-15 05:34:20', '2018-01-15 05:34:20');
INSERT INTO `order_master` VALUES ('1515994461895799956', '菲儿', '18888888888', 'Jap', 'ccc48', '700.50', '0', '0', '2018-01-15 05:34:20', '2018-01-15 05:34:20');
INSERT INTO `order_master` VALUES ('1515994461904149206', '菲儿', '18888888888', 'Jap', 'ccc49', '700.50', '0', '0', '2018-01-15 05:34:20', '2018-01-15 05:34:20');
INSERT INTO `order_master` VALUES ('1516328827798657134', '多里', '18888888888', '塘下镇塘中路', 'oTgZpwfWqaXliJl-ZT7a2MsLQBaE', '0.01', '0', '0', '2018-01-19 02:27:06', '2018-01-20 08:28:14');
INSERT INTO `order_master` VALUES ('1516440603667909371', 'aa', 'aa', 'aa', 'aaa', '0.01', '0', '0', '2018-01-20 09:30:02', '2018-01-20 09:30:02');

-- ----------------------------
-- Table structure for product_category
-- ----------------------------
DROP TABLE IF EXISTS `product_category`;
CREATE TABLE `product_category` (
  `category_id` int(11) NOT NULL AUTO_INCREMENT,
  `category_name` varchar(64) NOT NULL COMMENT '类目名字',
  `category_type` int(11) NOT NULL COMMENT '类目编号',
  `create_time` timestamp NOT NULL DEFAULT CURRENT_TIMESTAMP COMMENT '创建时间',
  `update_time` timestamp NOT NULL DEFAULT CURRENT_TIMESTAMP ON UPDATE CURRENT_TIMESTAMP COMMENT '修改时间',
  PRIMARY KEY (`category_id`)
) ENGINE=InnoDB AUTO_INCREMENT=9 DEFAULT CHARSET=utf8mb4;

-- ----------------------------
-- Records of product_category
-- ----------------------------
INSERT INTO `product_category` VALUES ('1', '黑科技', '1', '2018-01-09 03:22:06', '2018-01-09 03:22:06');
INSERT INTO `product_category` VALUES ('3', '玩具', '3', '2018-01-09 05:38:42', '2018-01-09 05:38:42');
INSERT INTO `product_category` VALUES ('5', '娱乐', '5', '2018-01-09 06:25:04', '2018-01-09 06:25:04');
INSERT INTO `product_category` VALUES ('7', '时尚', '7', '2018-01-16 08:00:13', '2018-01-16 08:06:51');
INSERT INTO `product_category` VALUES ('8', '手机', '8', '2018-01-16 08:08:52', '2018-01-16 08:08:52');

-- ----------------------------
-- Table structure for product_info
-- ----------------------------
DROP TABLE IF EXISTS `product_info`;
CREATE TABLE `product_info` (
  `product_id` varchar(32) NOT NULL,
  `product_name` varchar(64) NOT NULL COMMENT '商品名称',
  `product_price` decimal(8,2) NOT NULL COMMENT '单价',
  `product_stock` int(11) NOT NULL COMMENT '库存',
  `product_description` varchar(64) DEFAULT NULL COMMENT '描述',
  `product_icon` varchar(512) DEFAULT NULL COMMENT '小图',
  `product_status` tinyint(3) DEFAULT '0' COMMENT '商品状态,0正常1下架',
  `category_type` int(11) NOT NULL COMMENT '类目编号',
  `create_time` timestamp NOT NULL DEFAULT CURRENT_TIMESTAMP COMMENT '创建时间',
  `update_time` timestamp NOT NULL DEFAULT CURRENT_TIMESTAMP ON UPDATE CURRENT_TIMESTAMP COMMENT '修改时间',
  PRIMARY KEY (`product_id`)
) ENGINE=InnoDB DEFAULT CHARSET=utf8mb4;

-- ----------------------------
-- Records of product_info
-- ----------------------------
INSERT INTO `product_info` VALUES ('1111111222', '科比11', '0.01', '200', '耐克joke男鞋春秋款科比ZK10耐磨透气运动鞋篮球鞋', '//img10.360buyimg.com/n7/jfs/t2872/30/3422015384/93511/a3002140/578e1856N6ddd9056.jpg', '0', '5', '2018-01-16 13:44:13', '2018-01-20 05:45:13');
INSERT INTO `product_info` VALUES ('123456', '乔丹6代', '0.01', '155', '珍藏版', '//img11.360buyimg.com/n7/jfs/t8959/116/2065883963/106273/d5d11ba5/59c372eaNc2f61f0d.jpg', '0', '3', '2018-01-09 07:53:17', '2018-01-20 05:54:16');
INSERT INTO `product_info` VALUES ('1516084314695990163', 'SuperMan', '0.01', '86', '专柜正品 实体保障 支持各大专业论坛验证', '//img11.360buyimg.com/n7/jfs/t6076/52/3262464097/152024/fc3ddfe2/594f5958N45786900.jpg', '0', '1', '2018-01-16 14:30:05', '2018-01-18 08:46:14');
INSERT INTO `product_info` VALUES ('1516084314695990164', '詹姆斯2018', '0.01', '99', '耐磨防滑 灵敏缓震', '//img13.360buyimg.com/n7/jfs/t16147/228/923420875/317920/bd0e5b9d/5a434015Nded5fa60.jpg', '0', '1', '2018-01-16 14:31:52', '2018-01-18 08:46:18');

-- ----------------------------
-- Table structure for seller_info
-- ----------------------------
DROP TABLE IF EXISTS `seller_info`;
CREATE TABLE `seller_info` (
  `id` varchar(32) NOT NULL,
  `username` varchar(32) NOT NULL,
  `password` varchar(32) NOT NULL,
  `openid` varchar(64) NOT NULL COMMENT '微信openid',
  `create_time` timestamp NOT NULL DEFAULT CURRENT_TIMESTAMP COMMENT '创建时间',
  `update_time` timestamp NOT NULL DEFAULT CURRENT_TIMESTAMP ON UPDATE CURRENT_TIMESTAMP COMMENT '修改时间',
  PRIMARY KEY (`id`)
) ENGINE=InnoDB DEFAULT CHARSET=utf8mb4 COMMENT='卖家信息表';

-- ----------------------------
-- Records of seller_info
-- ----------------------------
INSERT INTO `seller_info` VALUES ('1516345048871267644', 'KingJA', 'password', 'oTgZpwfWqaXliJl-ZT7a2MsLQBaE', '2018-01-19 06:57:28', '2018-01-20 09:02:26');
SET FOREIGN_KEY_CHECKS=1;
